timestamp,id_estacao,regiao,temperatura,umidade,pressao
2025-07-01 00:00:00,STA-001,Sudeste,26.01575952047932,60.88100917848082,1012.8407250633995
2025-07-01 00:00:00,STA-010,Centro-Oeste,29.69032420588318,57.92070135702514,1012.2957866306374
2025-07-01 00:00:00,STA-009,Norte,28.877261638870248,61.287428491266155,1012.5023650896212
2025-07-01 00:00:00,STA-011,Sudeste,29.714371061017307,62.75639949499965,1010.4820870997878
2025-07-01 00:00:00,STA-003,Sul,26.170646126232775,59.988624907370586,1010.8573234079349
2025-07-01 00:00:00,STA-004,Norte,26.347159216300284,64.74832381016076,1014.3573332770712
2025-07-01 00:00:00,STA-012,Nordeste,31.022281403820898,60.00973595882601,1010.9244275442553
2025-07-01 00:00:00,STA-005,Centro-Oeste,27.23112177728625,58.573704526424564,1011.5986599341921
2025-07-01 00:00:00,STA-008,Sul,28.955419577857263,54.136815908790275,1012.2452701285799
2025-07-01 00:00:00,STA-002,Nordeste,24.46211328356435,60.49884887514427,1012.2272981351693
2025-07-01 00:00:00,STA-007,Nordeste,28.07959728975883,60.053286291154016,1024.7227457345687
2025-07-01 00:00:00,STA-006,Sudeste,26.797025548323646,56.84014490473874,1012.3230138596502
2025-07-01 00:01:00,STA-002,Nordeste,26.145189090709643,59.839159814248156,1012.9347041950115
2025-07-01 00:01:00,STA-006,Sudeste,28.72831963684155,59.64601917681712,1010.7516497662855
2025-07-01 00:01:00,STA-004,Norte,27.87556217327145,58.945004305838225,1013.1226913365044
2025-07-01 00:01:00,STA-003,Sul,27.008283344874336,60.203043155626645,1013.2803008789875
2025-07-01 00:01:00,STA-011,Sudeste,30.514610751931247,55.40225623327349,1013.0262763438486
2025-07-01 00:01:00,STA-008,Sul,29.91497327879771,57.851997297969355,1011.8699778258914
2025-07-01 00:01:00,STA-009,Norte,30.344257588118783,57.26485794462438,1013.8668118796879
2025-07-01 00:01:00,STA-005,Centro-Oeste,28.696028633569878,58.442171249975154,1012.188647964077
2025-07-01 00:01:00,STA-010,Centro-Oeste,30.5627368141889,56.605099270356426,1011.8163973241018
2025-07-01 00:01:00,STA-001,Sudeste,25.494653869141867,58.16234321515934,1012.3510331351673
2025-07-01 00:01:00,STA-012,Nordeste,31.67732790981969,56.22952935585656,1011.9645480560542
2025-07-01 00:01:00,STA-007,Nordeste,28.19727274955933,58.4885945926582,1014.5827650273959
2025-07-01 00:02:00,STA-010,Centro-Oeste,30.827827222775642,56.686140040583915,1012.3420697930845
2025-07-01 00:02:00,STA-001,Sudeste,27.09173576171663,60.53166206566222,1011.8576603582931
2025-07-01 00:02:00,STA-011,Sudeste,31.630098294402693,53.61829369283952,1011.5884507238497
2025-07-01 00:02:00,STA-006,Sudeste,29.423718955993024,52.69810333034932,1013.3564914132287
2025-07-01 00:02:00,STA-009,Norte,30.970803606158743,54.02080163480715,1012.3594517739824
2025-07-01 00:02:00,STA-003,Sul,27.5418567818886,54.16486025152017,1014.2837816524076
2025-07-01 00:02:00,STA-002,Nordeste,26.694706380930686,58.780832520353414,1013.9467788460594
2025-07-01 00:02:00,STA-007,Nordeste,29.692259681281044,59.20435777175082,1012.1454194286085
2025-07-01 00:02:00,STA-008,Sul,30.182321515440574,54.510732152105724,1013.3171864315312
2025-07-01 00:02:00,STA-005,Centro-Oeste,29.014683261196684,54.51467066202606,1012.6545581400472
2025-07-01 00:02:00,STA-004,Norte,27.833343170826012,59.13113734537448,1013.0490916120448
2025-07-01 00:02:00,STA-012,Nordeste,32.07589704768612,53.164224990433496,1012.2783772594647
2025-07-01 00:03:00,STA-007,Nordeste,30.360996956264525,52.35492455721294,1013.2704537316229
2025-07-01 00:03:00,STA-004,Norte,29.540307380658337,52.108001219441334,1011.3765628960525
2025-07-01 00:03:00,STA-011,Sudeste,32.70284995234145,54.48612012187938,1012.2758125277107
2025-07-01 00:03:00,STA-002,Nordeste,27.434798115807173,55.947004025076005,1014.3109813304811
2025-07-01 00:03:00,STA-001,Sudeste,27.539985946843405,52.1279144300455,1012.8731244727361
2025-07-01 00:03:00,STA-012,Nordeste,32.5144205562751,53.98702827703934,1013.3566647174185
2025-07-01 00:03:00,STA-008,Sul,30.464463457009927,54.60908693975749,1011.2694938765463
2025-07-01 00:03:00,STA-010,Centro-Oeste,30.84953600288256,51.77794072925421,1013.624988652344
2025-07-01 00:03:00,STA-003,Sul,28.2833786440354,54.533874188875636,1012.3628982031917
2025-07-01 00:03:00,STA-006,Sudeste,29.24360592832538,54.076640395611506,1012.0623870673787
2025-07-01 00:03:00,STA-005,Centro-Oeste,30.044982201847944,53.83573234553206,1012.9222349035451
2025-07-01 00:03:00,STA-009,Norte,31.21812793190161,51.81287258466663,1011.6599235929766
2025-07-01 00:04:00,STA-011,Sudeste,32.615006683638896,51.72063405205324,1012.2453128696098
2025-07-01 00:04:00,STA-002,Nordeste,29.125356373166024,53.326240049707074,1012.8895061080452
2025-07-01 00:04:00,STA-009,Norte,31.693272413046305,54.41168452511829,1011.9151575593278
2025-07-01 00:04:00,STA-007,Nordeste,31.889544092347247,51.370058193766276,1011.7849307404452
2025-07-01 00:04:00,STA-012,Nordeste,33.7427161914424,54.672998667193426,1013.8270384901675
2025-07-01 00:04:00,STA-004,Norte,29.552409746154076,53.37383717936554,1012.8940148625785
2025-07-01 00:04:00,STA-003,Sul,29.53561851744875,-10.462180150076222,1011.5875137272185
2025-07-01 00:04:00,STA-005,Centro-Oeste,30.481835828990874,51.47924268824598,1013.255180694814
2025-07-01 00:04:00,STA-008,Sul,31.55217113084203,50.7418540874581,1013.9247303390432
2025-07-01 00:04:00,STA-006,Sudeste,30.73273245913618,54.57730382042022,1011.5554577063372
2025-07-01 00:04:00,STA-010,Centro-Oeste,33.11773570716676,53.09886977536264,1012.0045082526345
2025-07-01 00:04:00,STA-001,Sudeste,28.420379466080867,55.019187938972415,1012.9974717775303
2025-07-01 00:05:00,STA-012,Nordeste,34.35701143476588,50.7525706228112,1013.3585887368704
2025-07-01 00:05:00,STA-011,Sudeste,33.920671784917054,49.40700848737222,1013.5738962914064
2025-07-01 00:05:00,STA-007,Nordeste,32.00252755211188,50.251751158600854,1014.8960177481256
2025-07-01 00:05:00,STA-003,Sul,29.871028790190344,46.87346585346418,1013.6018710633239
2025-07-01 00:05:00,STA-004,Norte,30.79979118614334,47.88722049288435,1012.110743025497
2025-07-01 00:05:00,STA-005,Centro-Oeste,31.878116144247553,47.28252896944634,1013.2031543808021
2025-07-01 00:05:00,STA-008,Sul,32.87227740578545,48.83187035523804,1013.0921713338474
2025-07-01 00:05:00,STA-002,Nordeste,29.746687651328333,49.83371248972282,1013.1660366454267
2025-07-01 00:05:00,STA-006,Sudeste,31.186996632474457,50.47415211011332,1013.850618617402
2025-07-01 00:05:00,STA-010,Centro-Oeste,33.82243588163333,50.02719410594796,1012.5590979294471
2025-07-01 00:05:00,STA-001,Sudeste,30.01335184245322,48.41409070100315,1013.0521256207774
2025-07-01 00:05:00,STA-009,Norte,32.97877616304031,47.50389319917581,1015.6530936820786
2025-07-01 00:06:00,STA-010,Centro-Oeste,33.74954050749168,46.96852741289588,1012.2012885268496
2025-07-01 00:06:00,STA-003,Sul,30.47063037685835,48.11169330723273,1013.0245504022781
2025-07-01 00:06:00,STA-007,Nordeste,32.83031357150469,50.50262007568142,1014.2909336665618
2025-07-01 00:06:00,STA-005,Centro-Oeste,32.04578307537805,47.12835258721988,1012.4047210932405
2025-07-01 00:06:00,STA-009,Norte,33.43300164138084,42.693656522893804,1015.032381003306
2025-07-01 00:06:00,STA-012,Nordeste,34.7259191363446,49.401778123240256,1013.0032766335394
2025-07-01 00:06:00,STA-011,Sudeste,35.166191911002,46.783655768816814,1013.594199471628
2025-07-01 00:06:00,STA-004,Norte,31.76658345267344,49.92492334907565,1013.3935880087321
2025-07-01 00:06:00,STA-002,Nordeste,29.860353510988446,47.4540930508692,1012.6588482032901
2025-07-01 00:06:00,STA-006,Sudeste,32.36369418642058,49.12903926402293,1015.098362159231
2025-07-01 00:06:00,STA-001,Sudeste,29.995281188285773,49.044012878671786,1013.1782393302109
2025-07-01 00:06:00,STA-008,Sul,33.4126953220999,50.51947518270382,1013.8481153453004
2025-07-01 00:07:00,STA-007,Nordeste,33.557180626575175,44.35081703719044,1013.7272657562437
2025-07-01 00:07:00,STA-011,Sudeste,35.07105433800223,44.702017455858936,1013.264984047773
2025-07-01 00:07:00,STA-012,Nordeste,35.97557506542315,49.024101386620664,1014.0165202004113
2025-07-01 00:07:00,STA-005,Centro-Oeste,32.407194813778126,44.55873911174336,1013.2935236706517
2025-07-01 00:07:00,STA-010,Centro-Oeste,34.59361514324033,46.593902208767915,1013.7677008467348
2025-07-01 00:07:00,STA-004,Norte,31.63536846151968,45.60708925506619,1014.1580735907021
2025-07-01 00:07:00,STA-001,Sudeste,29.90546810839981,48.50001304124942,1014.1389398406305
2025-07-01 00:07:00,STA-008,Sul,33.48295043292337,46.622029479838,1015.8824491541526
2025-07-01 00:07:00,STA-003,Sul,31.293798424303162,45.66175024867494,1013.012841442082
2025-07-01 00:07:00,STA-002,Nordeste,31.383719438859345,45.30643914762623,1014.1475128735269
2025-07-01 00:07:00,STA-006,Sudeste,32.88651893386322,45.79578304329758,1013.6190142693745
2025-07-01 00:07:00,STA-009,Norte,33.68138488127984,46.43495444230171,1015.6146717410791
2025-07-01 00:08:00,STA-009,Norte,35.10507289353453,45.99102006866408,1012.8300032486902
2025-07-01 00:08:00,STA-004,Norte,33.66520836647604,49.605766607145455,1014.058966422849
2025-07-01 00:08:00,STA-002,Nordeste,31.6024798102022,45.97362557172819,1013.5486948688923
2025-07-01 00:08:00,STA-012,Nordeste,36.0400591246346,47.37260504597782,1012.6028255402497
2025-07-01 00:08:00,STA-011,Sudeste,36.72631784232546,47.18271302043459,1013.5224660595014
2025-07-01 00:08:00,STA-008,Sul,34.718945876554585,48.80702424180589,1013.22448163478
2025-07-01 00:08:00,STA-006,Sudeste,33.40174742890292,43.41092595448615,1011.9427259663988
2025-07-01 00:08:00,STA-003,Sul,32.357562453322195,45.32656938268028,1014.706748142076
2025-07-01 00:08:00,STA-005,Centro-Oeste,32.75220033012086,42.36522446576385,1013.3739323555955
2025-07-01 00:08:00,STA-007,Nordeste,33.617683764494224,47.112953692396516,1013.4233669888945
2025-07-01 00:08:00,STA-001,Sudeste,30.83939216331972,45.753727615302694,1013.2507192754401
2025-07-01 00:08:00,STA-010,Centro-Oeste,35.687155414474105,45.286345649915916,1012.8541943855786
2025-07-01 00:09:00,STA-006,Sudeste,34.08413851706281,43.20035965609814,1013.8820801304114
2025-07-01 00:09:00,STA-009,Norte,35.023539173414875,44.74745141266853,1014.2305248714347
2025-07-01 00:09:00,STA-004,Norte,32.9355479571134,45.09675674466435,1014.6768682292465
2025-07-01 00:09:00,STA-001,Sudeste,31.82853407214763,45.8993812608385,1015.1328224320032
2025-07-01 00:09:00,STA-011,Sudeste,36.760582248559245,46.0729311556444,1014.8643873447036
2025-07-01 00:09:00,STA-002,Nordeste,32.68150917591679,41.33662692079578,1015.5746809005801
2025-07-01 00:09:00,STA-010,Centro-Oeste,36.0133180128861,47.440417818989424,1015.0818042439221
2025-07-01 00:09:00,STA-008,Sul,34.30032082959442,44.64187963615733,1014.9740717171387
2025-07-01 00:09:00,STA-003,Sul,32.805817135169555,47.13128327766619,1015.5861408978076
2025-07-01 00:09:00,STA-012,Nordeste,37.61163499238017,44.049059452469834,1014.709470842349
2025-07-01 00:09:00,STA-007,Nordeste,34.33234359790403,40.90629805059587,1014.3471093690162
2025-07-01 00:09:00,STA-005,Centro-Oeste,33.216248182712256,42.87162769274669,1014.5013588576725
2025-07-01 00:10:00,STA-003,Sul,32.82682130291339,42.37847476160791,1013.9404577535614
2025-07-01 00:10:00,STA-011,Sudeste,36.605923021292405,40.23531278226575,1013.9458564210411
2025-07-01 00:10:00,STA-008,Sul,35.86695226740592,39.666823982749634,1013.8851799677976
2025-07-01 00:10:00,STA-007,Nordeste,35.32822831373266,41.963949520918604,1014.1439202309922
2025-07-01 00:10:00,STA-010,Centro-Oeste,35.62315944455141,43.327086842261885,1015.5178113204693
2025-07-01 00:10:00,STA-006,Sudeste,34.17272813291657,42.20187983083152,1013.7744812636382
2025-07-01 00:10:00,STA-009,Norte,35.688447891769094,42.919229124654876,1015.2967715051444
2025-07-01 00:10:00,STA-004,Norte,34.21034882870684,42.6624059615052,1014.5342195656698
2025-07-01 00:10:00,STA-005,Centro-Oeste,33.987161044369714,42.68963718861334,1015.8348437204536
2025-07-01 00:10:00,STA-001,Sudeste,31.579855715006556,45.85967865878926,1014.3347545502576
2025-07-01 00:10:00,STA-002,Nordeste,33.18106592191347,42.44789648998766,1013.833226771886
2025-07-01 00:10:00,STA-012,Nordeste,36.300168036853215,41.82518461889373,1014.8637862334917
2025-07-01 00:11:00,STA-011,Sudeste,37.65049388521065,38.0203539518057,1014.9128528727857
2025-07-01 00:11:00,STA-008,Sul,35.61606578889961,44.69553964708504,1015.6468059438204
2025-07-01 00:11:00,STA-002,Nordeste,33.075476289413025,42.76714178572055,1015.5993139434505
2025-07-01 00:11:00,STA-009,Norte,35.65034330573883,43.53093053260405,1016.570327285674
2025-07-01 00:11:00,STA-012,Nordeste,37.643058095481315,38.218070293902926,1013.5109146444827
2025-07-01 00:11:00,STA-007,Nordeste,35.456613358971566,39.97458625105837,1014.0782822209821
2025-07-01 00:11:00,STA-010,Centro-Oeste,37.009725636353885,43.57642672602959,1016.1502569348183
2025-07-01 00:11:00,STA-003,Sul,34.40443788604584,41.00396852940889,1013.9856841593987
2025-07-01 00:11:00,STA-006,Sudeste,33.82124916448586,43.59857570339888,1015.5101175241973
2025-07-01 00:11:00,STA-004,Norte,33.652420540952065,39.61310258794042,1014.6574704621097
2025-07-01 00:11:00,STA-005,Centro-Oeste,34.54512948266536,40.647749900801806,1013.7467242036894
2025-07-01 00:11:00,STA-001,Sudeste,31.338249588754095,41.18286679798357,1015.0529064913361
2025-07-01 00:12:00,STA-007,Nordeste,34.677016127672,36.60240791035144,1014.1618131336184
2025-07-01 00:12:00,STA-002,Nordeste,32.85797462267297,39.33191978071911,1014.189781453291
2025-07-01 00:12:00,STA-004,Norte,34.852902494781674,40.4506405057331,1017.171942292052
2025-07-01 00:12:00,STA-009,Norte,36.649272019772745,39.1164684677711,1013.0804851739301
2025-07-01 00:12:00,STA-005,Centro-Oeste,34.749501234500684,43.981351241377936,1015.3388719486667
2025-07-01 00:12:00,STA-012,Nordeste,38.63909246593635,42.07044415517181,1014.900883522503
2025-07-01 00:12:00,STA-008,Sul,36.47441403216433,41.36653057127371,1015.4844106259461
2025-07-01 00:12:00,STA-010,Centro-Oeste,37.538353153186705,39.02997711586916,1015.4153724333345
2025-07-01 00:12:00,STA-011,Sudeste,38.50068918269712,39.500548267071096,1015.894005147327
2025-07-01 00:12:00,STA-006,Sudeste,35.38490446151232,40.829965982755766,1014.865053669672
2025-07-01 00:12:00,STA-001,Sudeste,32.027024191275395,39.373160639003245,1016.137902738147
2025-07-01 00:12:00,STA-003,Sul,33.27950440193852,42.280134657799906,1014.5464480876212
2025-07-01 00:13:00,STA-011,Sudeste,37.13691269198509,40.69095942555782,1016.1795658065992
2025-07-01 00:13:00,STA-004,Norte,35.088647882314326,42.31883932290424,1024.8943543122277
2025-07-01 00:13:00,STA-007,Nordeste,36.01855585523302,38.79921676116984,1015.6951113135591
2025-07-01 00:13:00,STA-012,Nordeste,38.762645339890874,39.62154935563115,1013.9822984644089
2025-07-01 00:13:00,STA-009,Norte,37.25597140446387,40.1438807784313,1014.5637609985384
2025-07-01 00:13:00,STA-003,Sul,33.24485087052925,39.39326057206637,1013.3665061610769
2025-07-01 00:13:00,STA-008,Sul,36.71234024276137,43.801372484377275,1015.0207655242693
2025-07-01 00:13:00,STA-005,Centro-Oeste,33.68492338153452,42.030114730158196,1016.6199818713643
2025-07-01 00:13:00,STA-006,Sudeste,34.48246220033229,39.97016234335851,1013.8172097133651
2025-07-01 00:13:00,STA-010,Centro-Oeste,36.756000676036415,40.512952658261725,1016.1085501637813
2025-07-01 00:13:00,STA-002,Nordeste,32.7107803954033,42.35255000380005,1015.1330601923742
2025-07-01 00:13:00,STA-001,Sudeste,32.81684275643489,41.27147194603687,1015.2526894136618
2025-07-01 00:14:00,STA-004,Norte,34.89833580832063,38.01265515885804,1018.0004455516107
2025-07-01 00:14:00,STA-005,Centro-Oeste,34.402204777845355,40.01252742088586,1017.0032898558787
2025-07-01 00:14:00,STA-006,Sudeste,35.89791030217693,36.405836893748,1011.3792275676649
2025-07-01 00:14:00,STA-010,Centro-Oeste,36.91313788870433,44.156875961444825,1015.2573689071068
2025-07-01 00:14:00,STA-011,Sudeste,38.058819815062705,42.032600421449324,1014.5211551484882
2025-07-01 00:14:00,STA-003,Sul,34.02243528707641,43.29649158783582,1014.5321488169626
2025-07-01 00:14:00,STA-002,Nordeste,33.86016063980542,42.91718694758014,1014.5014656599166
2025-07-01 00:14:00,STA-008,Sul,36.036914912546244,39.61900584374237,1016.1708322375
2025-07-01 00:14:00,STA-012,Nordeste,38.16869779261788,38.397916600418625,1014.7585091461489
2025-07-01 00:14:00,STA-009,Norte,36.639886275323185,41.923946401691694,1014.8583473828369
2025-07-01 00:14:00,STA-001,Sudeste,33.22831479950188,42.486033435069075,1016.7963860658296
2025-07-01 00:14:00,STA-007,Nordeste,36.526328932704565,40.56397115721881,1014.962034766594
2025-07-01 00:15:00,STA-006,Sudeste,35.26535036801132,38.27131144402885,1017.2511254465701
2025-07-01 00:15:00,STA-009,Norte,37.54536108982612,40.72137346441724,1017.0917980002016
2025-07-01 00:15:00,STA-010,Centro-Oeste,37.613286835315165,39.03443092473109,1014.9758356858388
2025-07-01 00:15:00,STA-001,Sudeste,33.50313113101717,38.32152433132877,1015.6697389938734
2025-07-01 00:15:00,STA-005,Centro-Oeste,34.79487924688408,41.99662449343318,1016.8681746591229
2025-07-01 00:15:00,STA-011,Sudeste,38.226521975720736,40.56637082083564,1014.5729174417927
2025-07-01 00:15:00,STA-002,Nordeste,33.66646362043081,41.56607078194553,1016.8857031371326
2025-07-01 00:15:00,STA-004,Norte,34.112536436100854,42.27582433185885,1016.6722093329572
2025-07-01 00:15:00,STA-012,Nordeste,38.03807722675787,38.548743804381964,1015.3126528974414
2025-07-01 00:15:00,STA-003,Sul,33.3162885941568,40.99769854564705,1016.3411159431178
2025-07-01 00:15:00,STA-008,Sul,35.821889178165996,39.43853957366283,1017.0699858293245
2025-07-01 00:15:00,STA-007,Nordeste,36.53570435221998,38.942340789163374,1016.688227889911
2025-07-01 00:16:00,STA-001,Sudeste,32.18477965977216,38.9281465055442,1016.9669876298864
2025-07-01 00:16:00,STA-007,Nordeste,35.94300772789343,40.86862694834863,1017.311496235533
2025-07-01 00:16:00,STA-011,Sudeste,37.57248215536133,37.067302005202436,1015.1351695876128
2025-07-01 00:16:00,STA-006,Sudeste,35.32807453356614,38.32393993225242,1016.4580423251168
2025-07-01 00:16:00,STA-005,Centro-Oeste,35.22144970608346,38.984846950890685,1016.0323299983296
2025-07-01 00:16:00,STA-009,Norte,36.464395567310135,41.90628199362139,1015.948812458269
2025-07-01 00:16:00,STA-010,Centro-Oeste,36.83060543721092,40.04132691208717,1015.3111881301911
2025-07-01 00:16:00,STA-003,Sul,33.737361790005714,42.91649787555789,1016.7611356654809
2025-07-01 00:16:00,STA-002,Nordeste,33.637880688226794,38.20954786887371,1016.6115777701775
2025-07-01 00:16:00,STA-008,Sul,36.424504767085445,38.60690043290682,1015.9276015267922
2025-07-01 00:16:00,STA-012,Nordeste,38.66532924778299,38.23759558898122,1016.6962728403448
2025-07-01 00:16:00,STA-004,Norte,34.915535845134336,40.64240273100656,1015.4169317018643
2025-07-01 00:17:00,STA-008,Sul,36.18878393585741,41.97120769683567,1016.2524750259633
2025-07-01 00:17:00,STA-010,Centro-Oeste,37.437959995170594,38.61468248914372,1017.0881172933194
2025-07-01 00:17:00,STA-005,Centro-Oeste,34.43568190945942,39.71799615290154,1015.5144717330345
2025-07-01 00:17:00,STA-009,Norte,37.04929476955748,41.80955627325218,1014.4735182397955
2025-07-01 00:17:00,STA-004,Norte,34.243127514307126,38.645114624787794,1015.1809438242243
2025-07-01 00:17:00,STA-003,Sul,33.77209626259073,40.31344478839965,1016.0182278289366
2025-07-01 00:17:00,STA-007,Nordeste,35.927774452141236,40.60528213958738,1015.8836182264507
2025-07-01 00:17:00,STA-006,Sudeste,34.90723130431182,38.38938772944219,1016.1763641231572
2025-07-01 00:17:00,STA-012,Nordeste,37.187748242912754,43.7691327709986,1016.3656244095367
2025-07-01 00:17:00,STA-002,Nordeste,33.414359300815065,42.29455598947394,1017.2603807616123
2025-07-01 00:17:00,STA-001,Sudeste,32.50248300440119,40.438909629079674,1014.4954357199897
2025-07-01 00:17:00,STA-011,Sudeste,37.89376569421614,41.37101960789662,1016.5984163549025
2025-07-01 00:18:00,STA-001,Sudeste,32.67439495511277,42.13481142179533,1015.7801923126278
2025-07-01 00:18:00,STA-004,Norte,34.97509410607728,43.311111987425186,1017.7349985979633
2025-07-01 00:18:00,STA-005,Centro-Oeste,34.20418395926008,37.67301339033473,1016.6754306433127
2025-07-01 00:18:00,STA-011,Sudeste,37.01955510548994,41.35824741490429,1017.4547016888216
2025-07-01 00:18:00,STA-006,Sudeste,34.765385154058585,42.753530675308696,1015.9406052837865
2025-07-01 00:18:00,STA-002,Nordeste,33.10937024631785,45.73471673799444,1016.2204651086421
2025-07-01 00:18:00,STA-009,Norte,36.42997274942801,43.3736083677288,1016.2489106449727
2025-07-01 00:18:00,STA-003,Sul,33.85439737345577,43.64269205791433,1015.6819048906044
2025-07-01 00:18:00,STA-010,Centro-Oeste,37.50042579154826,43.0836034609738,1016.5872396615049
2025-07-01 00:18:00,STA-008,Sul,35.43550687817214,41.89791722925215,1016.0289893873329
2025-07-01 00:18:00,STA-012,Nordeste,38.213448060713006,36.227448465881416,1015.8576574929037
2025-07-01 00:18:00,STA-007,Nordeste,34.4752656669114,39.44267093218853,1016.6649280412761
2025-07-01 00:19:00,STA-010,Centro-Oeste,36.76585065500807,44.93453004912449,1016.2939398351525
2025-07-01 00:19:00,STA-006,Sudeste,34.67504503356977,42.06982962194362,1016.9785221216065
2025-07-01 00:19:00,STA-011,Sudeste,36.50160818825567,41.872632135987494,1015.2071149964587
2025-07-01 00:19:00,STA-005,Centro-Oeste,33.96717487179896,41.56716796375654,1015.5654775572225
2025-07-01 00:19:00,STA-002,Nordeste,32.852383147692244,40.707016995689706,1014.8668352331175
2025-07-01 00:19:00,STA-003,Sul,32.7514199624113,43.99737327307934,1015.9776117539208
2025-07-01 00:19:00,STA-009,Norte,35.8037022797967,43.43301199174051,1015.3545273104794
2025-07-01 00:19:00,STA-008,Sul,35.32421331830308,43.51938902949699,1015.6338006562421
2025-07-01 00:19:00,STA-007,Nordeste,34.94067784719655,43.56543290559119,1015.6273404204773
2025-07-01 00:19:00,STA-001,Sudeste,31.283469339480327,40.888513899622026,1017.5621576308132
2025-07-01 00:19:00,STA-004,Norte,33.174640724937404,38.46414574756423,1017.4542481346177
2025-07-01 00:19:00,STA-012,Nordeste,37.02193561074922,41.02778096763514,1016.7834902504709
2025-07-01 00:20:00,STA-002,Nordeste,32.520237351294696,43.284730390655284,1017.8114651645622
2025-07-01 00:20:00,STA-005,Centro-Oeste,33.32870086796871,41.299445345014384,1015.7724813561632
2025-07-01 00:20:00,STA-001,Sudeste,31.52842783567275,43.34464415035524,1017.7313383852327
2025-07-01 00:20:00,STA-011,Sudeste,36.141615922755854,44.46452019694787,1017.4121042291025
2025-07-01 00:20:00,STA-008,Sul,36.2946911284138,41.991447591580446,1014.6164500782015
2025-07-01 00:20:00,STA-009,Norte,36.19491786172126,41.68578656352304,1017.399196412431
2025-07-01 00:20:00,STA-004,Norte,33.66217230707809,44.84127906293877,1015.9214472925753
2025-07-01 00:20:00,STA-010,Centro-Oeste,36.315516042726344,43.16921611567823,1015.8107040124087
2025-07-01 00:20:00,STA-003,Sul,32.51359518704541,39.72529103616966,1014.3150073552632
2025-07-01 00:20:00,STA-012,Nordeste,37.06549881229971,42.78611007850084,1015.7659220010554
2025-07-01 00:20:00,STA-007,Nordeste,35.250046246509484,46.545475725375994,1016.8106890999791
2025-07-01 00:20:00,STA-006,Sudeste,34.26767944687598,41.726762464952714,1015.3589212947941
2025-07-01 00:21:00,STA-006,Sudeste,34.13585702755309,43.76112412855555,1014.24041860071
2025-07-01 00:21:00,STA-005,Centro-Oeste,33.329841395759644,42.61630757612513,1015.9544611989221
2025-07-01 00:21:00,STA-003,Sul,33.04380230136535,45.11138191035266,1017.3379844994377
2025-07-01 00:21:00,STA-001,Sudeste,30.58326680766861,45.48220566998012,1017.0998880605011
2025-07-01 00:21:00,STA-012,Nordeste,37.00337942023484,46.57060105392247,1016.4766360732078
2025-07-01 00:21:00,STA-008,Sul,33.80087382325186,43.889572447672876,1016.3810012260619
2025-07-01 00:21:00,STA-011,Sudeste,36.66163494432445,43.11755036590506,1015.9027287182025
2025-07-01 00:21:00,STA-004,Norte,32.428445602979295,44.08806684792961,1017.4207381853915
2025-07-01 00:21:00,STA-002,Nordeste,32.36252328868202,46.056340902455155,1017.169262148704
2025-07-01 00:21:00,STA-009,Norte,35.274414078472205,45.336048369314234,1018.1408110493048
2025-07-01 00:21:00,STA-010,Centro-Oeste,57.6125857332493,46.888125946206664,1015.5142304501701
2025-07-01 00:21:00,STA-007,Nordeste,34.72959704459144,47.29347432855353,1014.9903139016482
2025-07-01 00:22:00,STA-011,Sudeste,35.42255616519973,41.86297808498197,1017.3138978355797
2025-07-01 00:22:00,STA-001,Sudeste,31.07580876309738,47.14335942706401,1015.4905264103384
2025-07-01 00:22:00,STA-010,Centro-Oeste,35.62155803850006,46.60886713997884,1016.7307833172076
2025-07-01 00:22:00,STA-005,Centro-Oeste,32.6049499305619,44.6233875761783,1016.8205565798411
2025-07-01 00:22:00,STA-004,Norte,32.40659781153283,46.202501874356116,1014.9085464938511
2025-07-01 00:22:00,STA-008,Sul,33.68938462402705,44.13449865204504,1016.01294433134
2025-07-01 00:22:00,STA-006,Sudeste,33.48201257923208,47.315184776842926,1016.5400041496922
2025-07-01 00:22:00,STA-009,Norte,33.926820539729015,45.547751876334736,1017.3527370214614
2025-07-01 00:22:00,STA-012,Nordeste,36.10102410476226,45.40269800447795,1017.4742094287271
2025-07-01 00:22:00,STA-007,Nordeste,33.30844645486098,47.38145239878785,1017.0082840065147
2025-07-01 00:22:00,STA-003,Sul,31.893224074421504,46.46660688355113,1014.0901613240052
2025-07-01 00:22:00,STA-002,Nordeste,31.224069191960474,49.657508625245285,1014.93458185049
2025-07-01 00:23:00,STA-002,Nordeste,30.459673485001847,45.08366393838745,1016.4420217521216
2025-07-01 00:23:00,STA-009,Norte,34.63049878355114,45.43072190545552,1017.160506019817
2025-07-01 00:23:00,STA-004,Norte,32.644839081276814,47.4155812055473,1017.46595630336
2025-07-01 00:23:00,STA-006,Sudeste,32.06994157835309,52.45848238691533,1016.7493383555046
2025-07-01 00:23:00,STA-010,Centro-Oeste,33.71542644803648,44.751194052785905,1017.0040277643511
2025-07-01 00:23:00,STA-003,Sul,30.872110925958413,48.222437295282845,1014.1792758795639
2025-07-01 00:23:00,STA-012,Nordeste,35.78326707399962,47.786761816108566,1017.3392838804261
2025-07-01 00:23:00,STA-011,Sudeste,35.1196402238217,49.18715116478689,1016.6739728232928
2025-07-01 00:23:00,STA-001,Sudeste,29.66102518452253,46.3047714050982,1016.7791952433619
2025-07-01 00:23:00,STA-007,Nordeste,32.369776406304496,46.15627466635138,1015.3785973291953
2025-07-01 00:23:00,STA-008,Sul,33.23033707659681,47.7160197477476,1017.1509170659042
2025-07-01 00:23:00,STA-005,Centro-Oeste,31.275881493010534,48.48220301100152,1016.3552273290358
2025-07-01 00:24:00,STA-005,Centro-Oeste,31.260929192016434,52.2902094597582,1015.7886673860858
2025-07-01 00:24:00,STA-003,Sul,30.132892460338844,49.74054049156187,1017.6798535562505
2025-07-01 00:24:00,STA-012,Nordeste,34.76918760158694,50.6517321136129,1019.2025386193982
2025-07-01 00:24:00,STA-007,Nordeste,33.08448423485277,47.57130150074248,1017.099585631715
2025-07-01 00:24:00,STA-001,Sudeste,28.978209861052054,51.77286561439697,1017.8268587662463
2025-07-01 00:24:00,STA-008,Sul,32.46208318100936,45.99270881234645,1017.2924080830309
2025-07-01 00:24:00,STA-002,Nordeste,29.545900202501386,51.18424065851417,1015.1547352377595
2025-07-01 00:24:00,STA-009,Norte,33.60121444373859,47.888578612254705,1016.7340661893273
2025-07-01 00:24:00,STA-004,Norte,31.703020681809374,46.547609245940215,1016.7466478189775
2025-07-01 00:24:00,STA-011,Sudeste,34.162738698502935,51.17849688564775,1017.0244407665275
2025-07-01 00:24:00,STA-010,Centro-Oeste,33.51386985509746,53.36882045626201,1015.4626342800792
2025-07-01 00:24:00,STA-006,Sudeste,31.29682179592302,46.76739481949732,1016.8537704850445
2025-07-01 00:25:00,STA-008,Sul,31.70602889694936,52.533800739549214,1016.1571426647508
2025-07-01 00:25:00,STA-009,Norte,32.9488804672854,46.80556546597589,1015.9537701018339
2025-07-01 00:25:00,STA-007,Nordeste,31.57167971937507,51.119243103938906,1015.751212380546
2025-07-01 00:25:00,STA-011,Sudeste,33.80468838621545,51.09693353427088,1017.8864804653493
2025-07-01 00:25:00,STA-006,Sudeste,31.300876165577193,48.93246349878346,1018.9019457638476
2025-07-01 00:25:00,STA-010,Centro-Oeste,33.79172188936741,49.07220036041559,1017.5586068201106
2025-07-01 00:25:00,STA-012,Nordeste,34.622571013021926,52.16939923810706,1017.9088099814172
2025-07-01 00:25:00,STA-001,Sudeste,28.791694915997585,52.98722025124383,1018.8095295635702
2025-07-01 00:25:00,STA-005,Centro-Oeste,31.300529077242036,50.41530062706935,1017.6289304444958
2025-07-01 00:25:00,STA-004,Norte,30.048699156836935,53.345104341664104,1017.6261231106679
2025-07-01 00:25:00,STA-003,Sul,30.07708995666057,50.07776620887137,1018.9421334531086
2025-07-01 00:25:00,STA-002,Nordeste,28.834682158417923,47.62990584536683,1016.1739182328697
2025-07-01 00:26:00,STA-005,Centro-Oeste,29.759384052452827,52.558137614685464,1016.0596854903495
2025-07-01 00:26:00,STA-004,Norte,29.547045370299625,51.020412758370206,1016.8526863346455
2025-07-01 00:26:00,STA-011,Sudeste,32.77431984753177,55.774754455271065,1016.916416019657
2025-07-01 00:26:00,STA-003,Sul,28.872911825038816,51.293527776877596,1018.112716475302
2025-07-01 00:26:00,STA-012,Nordeste,33.484584624900684,51.25134822168529,1016.1972780790724
2025-07-01 00:26:00,STA-006,Sudeste,31.221633496296512,52.11178713511653,1016.0071264912388
2025-07-01 00:26:00,STA-002,Nordeste,28.757415824467763,55.41328407252534,1017.7279434794978
2025-07-01 00:26:00,STA-009,Norte,32.59052954481004,50.75912491041206,1017.3695767713618
2025-07-01 00:26:00,STA-008,Sul,32.68448139679302,55.78779704255657,1018.3824256179336
2025-07-01 00:26:00,STA-007,Nordeste,31.228837823068915,56.04075252625398,1017.5404226179646
2025-07-01 00:26:00,STA-001,Sudeste,28.264441722344493,48.45717487568081,1016.1763892826067
2025-07-01 00:26:00,STA-010,Centro-Oeste,32.40576682097509,53.91983277351582,1017.1914982627378
2025-07-01 00:27:00,STA-001,Sudeste,26.406816451807266,51.03930546893185,1017.8288267372009
2025-07-01 00:27:00,STA-005,Centro-Oeste,28.31359515822958,52.404681896231324,1015.3884444156417
2025-07-01 00:27:00,STA-004,Norte,29.222560433273475,57.39470528873685,1017.8003475290783
2025-07-01 00:27:00,STA-011,Sudeste,32.183197348302315,54.594377757004935,1015.798192069682
2025-07-01 00:27:00,STA-003,Sul,27.628295099088064,57.39996175183913,1018.5210544087818
2025-07-01 00:27:00,STA-012,Nordeste,33.42322867816258,52.826981078619355,1017.5288907479733
2025-07-01 00:27:00,STA-007,Nordeste,30.10379089867805,54.08456762599943,1016.6588547855727
2025-07-01 00:27:00,STA-008,Sul,31.25172991015912,55.34963166151769,1018.9945822335287
2025-07-01 00:27:00,STA-009,Norte,31.15923648124516,54.51482581567868,1017.230162654548
2025-07-01 00:27:00,STA-010,Centro-Oeste,31.945723927403563,52.50972468234446,1015.4881923733858
2025-07-01 00:27:00,STA-002,Nordeste,27.920371902661117,57.98567535959603,1016.6310683615417
2025-07-01 00:27:00,STA-006,Sudeste,30.24432137843971,53.55259627670268,1016.58726055874
2025-07-01 00:28:00,STA-007,Nordeste,29.607439648540357,58.21463802507653,1017.2682828587582
2025-07-01 00:28:00,STA-005,Centro-Oeste,28.395801026778134,56.03068206451487,1017.7610981779354
2025-07-01 00:28:00,STA-004,Norte,27.65045956475626,55.487600016008045,1018.4840432534193
2025-07-01 00:28:00,STA-001,Sudeste,26.37961786429767,58.159937365890045,1017.0286248140795
2025-07-01 00:28:00,STA-011,Sudeste,30.448885510184844,53.21348460731752,1018.160084768852
2025-07-01 00:28:00,STA-006,Sudeste,28.68862761897028,61.04169037539666,1017.8144993030493
2025-07-01 00:28:00,STA-009,Norte,29.555403096814324,60.120442080506436,1014.3183499631559
2025-07-01 00:28:00,STA-003,Sul,27.915075994907728,59.992166347429425,1015.7294337259822
2025-07-01 00:28:00,STA-010,Centro-Oeste,30.836644362605092,57.67445340990281,1017.1217420785146
2025-07-01 00:28:00,STA-012,Nordeste,31.301140263948334,57.33027742309315,1016.8542567575583
2025-07-01 00:28:00,STA-008,Sul,30.315053402883947,55.249164363851754,1017.4726231569002
2025-07-01 00:28:00,STA-002,Nordeste,26.6234824136815,56.44030951824187,1017.25089283112
2025-07-01 00:29:00,STA-008,Sul,29.239972840969525,58.53075226158442,1016.8443037341003
2025-07-01 00:29:00,STA-007,Nordeste,28.609298711110977,60.31855349036176,1015.8529126382434
2025-07-01 00:29:00,STA-009,Norte,29.429482812874177,57.757165181693104,1015.8996630360286
2025-07-01 00:29:00,STA-005,Centro-Oeste,26.755146822368154,60.569909836655825,1017.931076788448
2025-07-01 00:29:00,STA-004,Norte,27.264719821994053,58.32615339363314,1016.0113481774662
2025-07-01 00:29:00,STA-011,Sudeste,30.52674284464216,59.95887766600569,1016.7033231679636
2025-07-01 00:29:00,STA-002,Nordeste,25.903060471799115,61.66826153153505,1016.5489555302202
2025-07-01 00:29:00,STA-001,Sudeste,24.642106519151646,60.13076766156986,1016.544742706965
2025-07-01 00:29:00,STA-003,Sul,26.75653017908587,58.22584131146385,1015.0051132096448
2025-07-01 00:29:00,STA-010,Centro-Oeste,29.3521772237067,59.45895111414969,1018.056194445088
2025-07-01 00:29:00,STA-012,Nordeste,31.151097925570618,57.40234898789467,1016.8672509145514
2025-07-01 00:29:00,STA-006,Sudeste,27.82837025761749,56.8864921365373,1017.9717202112328
2025-07-01 00:30:00,STA-003,Sul,24.779155153965128,64.1325957873744,1018.2691834491811
2025-07-01 00:30:00,STA-004,Norte,26.46081996553502,62.41046315860707,1016.566482118973
2025-07-01 00:30:00,STA-002,Nordeste,25.79583040418441,62.557538236046895,1016.2950006085555
2025-07-01 00:30:00,STA-001,Sudeste,24.65888091919807,60.03387281609802,1015.9814848958184
2025-07-01 00:30:00,STA-010,Centro-Oeste,29.4179495668178,63.14791466971129,1017.716406908369
2025-07-01 00:30:00,STA-009,Norte,28.357645234095628,61.9559347801527,1017.2521530337038
2025-07-01 00:30:00,STA-007,Nordeste,27.534228158258614,61.22556689008168,1016.4783997030412
2025-07-01 00:30:00,STA-012,Nordeste,29.93291117399069,61.2536127984833,1017.5437833045131
2025-07-01 00:30:00,STA-008,Sul,27.58641352586133,58.32727681508233,1017.4876283185213
2025-07-01 00:30:00,STA-011,Sudeste,29.41853203703281,61.536964431951134,1016.1771067448303
2025-07-01 00:30:00,STA-005,Centro-Oeste,26.728922741819183,61.00465245409414,1017.1483970382261
2025-07-01 00:30:00,STA-006,Sudeste,27.260384482440625,60.577455358392015,1017.7617270644126
2025-07-01 00:31:00,STA-012,Nordeste,28.719074289307052,65.72845084493576,1017.8908264379999
2025-07-01 00:31:00,STA-008,Sul,26.599736146114587,62.66026950167444,1018.6519897770821
2025-07-01 00:31:00,STA-003,Sul,23.40106037020524,59.97147858327617,1016.4399870332343
2025-07-01 00:31:00,STA-002,Nordeste,23.496824494401135,60.358628826965365,1018.6239545994529
2025-07-01 00:31:00,STA-006,Sudeste,26.066347313301947,64.28525740098225,1015.5763520098634
2025-07-01 00:31:00,STA-005,Centro-Oeste,26.23837458461626,62.930512663504636,1017.003052638989
2025-07-01 00:31:00,STA-007,Nordeste,25.683178537535305,64.55504248367215,1017.0231044744531
2025-07-01 00:31:00,STA-001,Sudeste,23.25528265796673,65.11249648436635,1018.499869076098
2025-07-01 00:31:00,STA-004,Norte,25.15629543185998,64.77810642251434,1017.7506891229136
2025-07-01 00:31:00,STA-010,Centro-Oeste,27.973885992734054,65.21063681583641,1015.6963166303972
2025-07-01 00:31:00,STA-011,Sudeste,28.69173411484246,63.0795297036068,1015.9871733584914
2025-07-01 00:31:00,STA-009,Norte,27.80171081773003,61.28928850030626,1015.9160179906268
2025-07-01 00:32:00,STA-003,Sul,23.749359272022335,66.48052470804298,1016.3205752230901
2025-07-01 00:32:00,STA-002,Nordeste,22.845701927002306,66.68962265926417,1017.5506837941714
2025-07-01 00:32:00,STA-006,Sudeste,25.346987941158726,66.0165663714261,1017.8737453153593
2025-07-01 00:32:00,STA-011,Sudeste,28.272817464326067,65.54317009317522,1017.5826113857333
2025-07-01 00:32:00,STA-001,Sudeste,22.425481701591327,64.22830625211658,1016.700619534724
2025-07-01 00:32:00,STA-007,Nordeste,25.45631063622381,65.54045335229787,1018.2088015055526
2025-07-01 00:32:00,STA-008,Sul,25.838280254382678,66.65341023825027,1016.3269163312413
2025-07-01 00:32:00,STA-010,Centro-Oeste,27.6025534618279,66.90213643808066,1016.8741045358436
2025-07-01 00:32:00,STA-009,Norte,27.557883478255132,69.16774377933784,1016.6777511540267
2025-07-01 00:32:00,STA-012,Nordeste,28.50714518451305,67.85628201256223,1017.5590184292325
2025-07-01 00:32:00,STA-004,Norte,24.4447473805256,66.8860779536755,1016.8548062892365
2025-07-01 00:32:00,STA-005,Centro-Oeste,25.041157252865748,64.80288621274995,1017.8483190794193
2025-07-01 00:33:00,STA-009,Norte,25.64298821048405,69.72597421160299,1016.1332985104148
2025-07-01 00:33:00,STA-002,Nordeste,21.82249613317731,67.86772531791522,1017.2529875461328
2025-07-01 00:33:00,STA-001,Sudeste,22.573344512141954,63.885927620486,1016.8308997537423
2025-07-01 00:33:00,STA-008,Sul,24.985079965291654,67.01016961789327,1018.0544457344944
2025-07-01 00:33:00,STA-003,Sul,22.84328153538987,70.40553192075521,1017.3843148619941
2025-07-01 00:33:00,STA-005,Centro-Oeste,23.751523076760613,67.31610031283117,1016.305363021618
2025-07-01 00:33:00,STA-011,Sudeste,27.38680447146812,63.10994443591518,1016.8342895018286
2025-07-01 00:33:00,STA-007,Nordeste,24.857615466375034,67.4949727116032,1016.6716158032532
2025-07-01 00:33:00,STA-010,Centro-Oeste,25.90515705128044,65.44638036241686,1017.530159393759
2025-07-01 00:33:00,STA-006,Sudeste,25.002850531285205,65.47127246048882,1015.6162107127719
2025-07-01 00:33:00,STA-004,Norte,22.450086168670648,67.15293870455103,1017.7598623985721
2025-07-01 00:33:00,STA-012,Nordeste,27.287520250744077,65.99776226695795,1016.6771040858837
2025-07-01 00:34:00,STA-002,Nordeste,21.382015432785657,73.49931160723087,1017.2562139468721
2025-07-01 00:34:00,STA-009,Norte,25.284404969553457,70.36572182791309,1015.8336726974768
2025-07-01 00:34:00,STA-006,Sudeste,24.486583157687257,71.51649276409567,1015.122385429873
2025-07-01 00:34:00,STA-003,Sul,-2.714547521351058,67.57662989294124,1016.5507967040945
2025-07-01 00:34:00,STA-004,Norte,23.019101995513658,71.6300005341212,1017.1977381365343
2025-07-01 00:34:00,STA-010,Centro-Oeste,25.14927782351583,70.46447943182079,1016.351944203501
2025-07-01 00:34:00,STA-005,Centro-Oeste,22.974467822050492,67.86900155090524,1016.3534740815742
2025-07-01 00:34:00,STA-011,Sudeste,25.865386515989766,69.21185112476252,1018.5162933462354
2025-07-01 00:34:00,STA-001,Sudeste,21.65275379579904,70.56045329643801,1017.8829512291899
2025-07-01 00:34:00,STA-012,Nordeste,26.07713335089828,66.53312315727482,1017.2817967205513
2025-07-01 00:34:00,STA-007,Nordeste,24.130284697011522,70.71693639840079,1016.665299350991
2025-07-01 00:34:00,STA-008,Sul,24.75483458211355,131.85914544247873,1017.7259357674368
2025-07-01 00:35:00,STA-006,Sudeste,22.95319854294456,70.35943619814766,1016.5032548074909
2025-07-01 00:35:00,STA-011,Sudeste,25.651420003941567,68.94674318919375,1016.5870372396444
2025-07-01 00:35:00,STA-002,Nordeste,20.78029106055995,70.16053092105133,1015.6144253727505
2025-07-01 00:35:00,STA-007,Nordeste,24.003900174987145,70.95702257577898,1017.1046330790625
2025-07-01 00:35:00,STA-008,Sul,23.930409325819653,66.87116691397105,1016.97335382987
2025-07-01 00:35:00,STA-004,Norte,22.302087410870996,73.7113545391923,1017.4311569774345
2025-07-01 00:35:00,STA-005,Centro-Oeste,21.57222336188255,71.97157541455607,1018.5169010464375
2025-07-01 00:35:00,STA-010,Centro-Oeste,25.853702540438515,68.06049786201655,1016.8094951503264
2025-07-01 00:35:00,STA-001,Sudeste,20.058346254590653,69.24962294866981,1016.9533664726773
2025-07-01 00:35:00,STA-012,Nordeste,27.065828577093797,72.07675921235489,1024.5611157401797
2025-07-01 00:35:00,STA-009,Norte,25.05899739871229,67.09337054405253,1017.4127214023359
2025-07-01 00:35:00,STA-003,Sul,21.275360867829132,70.69575564606113,1016.0934535300382
2025-07-01 00:36:00,STA-009,Norte,23.84310118640712,76.32576689696816,1017.1786291967762
2025-07-01 00:36:00,STA-004,Norte,21.059371313578417,70.02645497181172,1016.6089298167725
2025-07-01 00:36:00,STA-010,Centro-Oeste,24.152339422418656,71.99111081889518,1017.2127647556775
2025-07-01 00:36:00,STA-006,Sudeste,22.138703170285368,72.31613327960319,1017.5337232961588
2025-07-01 00:36:00,STA-008,Sul,23.419786852756168,71.11108599881717,1017.8719218505765
2025-07-01 00:36:00,STA-012,Nordeste,25.373314648335395,72.46290179370072,1017.534889593283
2025-07-01 00:36:00,STA-005,Centro-Oeste,22.016796832324626,73.91511832635307,1016.137296300256
2025-07-01 00:36:00,STA-001,Sudeste,20.037144125839593,70.51457605902245,1016.0173382025029
2025-07-01 00:36:00,STA-003,Sul,21.24998210263817,75.53234846334419,1016.9871102766076
2025-07-01 00:36:00,STA-007,Nordeste,22.604402024799437,73.00936806176561,1016.440433296793
2025-07-01 00:36:00,STA-002,Nordeste,20.196508107526725,71.39945231340178,1017.681712277561
2025-07-01 00:36:00,STA-011,Sudeste,25.180407948299642,73.98525084144723,1015.3556451371843
2025-07-01 00:37:00,STA-008,Sul,22.81635984307819,75.51574101680906,1018.0797559128284
2025-07-01 00:37:00,STA-006,Sudeste,21.97180461454523,74.49423110277378,1017.240202433164
2025-07-01 00:37:00,STA-009,Norte,22.88552069462099,75.20567743544572,1015.5637651672308
2025-07-01 00:37:00,STA-002,Nordeste,19.667080822001722,73.29631967575719,1015.7787190594509
2025-07-01 00:37:00,STA-011,Sudeste,24.12397364317124,76.40772965296246,1019.6285263841924
2025-07-01 00:37:00,STA-005,Centro-Oeste,22.09210863820766,78.45751192167603,1015.5516380928642
2025-07-01 00:37:00,STA-003,Sul,20.23866450462696,74.08929029060914,1015.9637111700746
2025-07-01 00:37:00,STA-001,Sudeste,19.46833410265888,77.9743178809909,1016.034189528867
2025-07-01 00:37:00,STA-012,Nordeste,25.134419397762358,78.45265709483134,1017.8465145923627
2025-07-01 00:37:00,STA-007,Nordeste,22.96522755559306,75.62233593992053,1015.8292479827603
2025-07-01 00:37:00,STA-004,Norte,19.753959070328957,74.75764046674726,1016.5101259115648
2025-07-01 00:37:00,STA-010,Centro-Oeste,23.31295998113221,75.631070188723,1018.092992037228
2025-07-01 00:38:00,STA-010,Centro-Oeste,23.046190749139146,75.77621857474799,1015.9590475634363
2025-07-01 00:38:00,STA-002,Nordeste,18.940505241049546,74.83605720873933,1016.5619094663351
2025-07-01 00:38:00,STA-012,Nordeste,24.883048760435763,76.10168838160779,1017.4371840777479
2025-07-01 00:38:00,STA-009,Norte,22.897479200005947,76.38885030277577,1015.9903811472434
2025-07-01 00:38:00,STA-005,Centro-Oeste,19.997393964471247,75.02628664778419,1017.6275063870395
2025-07-01 00:38:00,STA-011,Sudeste,23.48799071033858,77.56314282166187,1016.6915370843093
2025-07-01 00:38:00,STA-004,Norte,21.629324903842353,75.16028910845377,1016.7526006934212
2025-07-01 00:38:00,STA-003,Sul,19.447885922147158,77.90749633538876,1016.452273644171
2025-07-01 00:38:00,STA-008,Sul,22.37698679379608,74.07419047836636,1017.7732613045337
2025-07-01 00:38:00,STA-001,Sudeste,18.20694210857175,75.17778878901937,1015.7784855687078
2025-07-01 00:38:00,STA-006,Sudeste,20.787539604047044,72.46689719768676,1016.1423458674955
2025-07-01 00:38:00,STA-007,Nordeste,22.545576490745887,76.26866330174364,1017.4580874988425
2025-07-01 00:39:00,STA-009,Norte,-1.749920240325885,76.11966622930849,1017.8461299627437
2025-07-01 00:39:00,STA-003,Sul,19.191175285560092,75.51173116921609,1016.1532640550674
2025-07-01 00:39:00,STA-004,Norte,19.473002774105815,77.05379927011693,1016.3774448945821
2025-07-01 00:39:00,STA-002,Nordeste,19.18576476223285,75.44583810487943,1015.8058021530316
2025-07-01 00:39:00,STA-010,Centro-Oeste,23.782463978268197,75.11776490669017,1017.6493558442098
2025-07-01 00:39:00,STA-001,Sudeste,17.963426084154737,72.10057809708367,1016.9061369238674
2025-07-01 00:39:00,STA-007,Nordeste,-3.2583813204916154,77.35553439251542,1016.2461777108014
2025-07-01 00:39:00,STA-006,Sudeste,19.61196900371945,79.14166386208338,1017.9834574442875
2025-07-01 00:39:00,STA-008,Sul,21.7542463268497,77.73600327646253,1015.0147760656362
2025-07-01 00:39:00,STA-012,Nordeste,23.638899528492537,75.80019159803706,1014.1573727364322
2025-07-01 00:39:00,STA-005,Centro-Oeste,20.22403335575987,77.83036814717765,1015.5693436615272
2025-07-01 00:39:00,STA-011,Sudeste,24.02570697954473,75.06568362477972,1014.5601205928143
2025-07-01 00:40:00,STA-002,Nordeste,19.121235050114073,75.21661393890668,1016.9038523240113
2025-07-01 00:40:00,STA-007,Nordeste,21.25715328167032,76.80381860907436,1015.9191529707463
2025-07-01 00:40:00,STA-012,Nordeste,22.645034228808168,79.37712526452293,1013.6621808625547
2025-07-01 00:40:00,STA-006,Sudeste,20.558581813601588,76.19019452048563,1016.1353375055388
2025-07-01 00:40:00,STA-011,Sudeste,23.123266362219436,75.12543030238513,1015.6383324223283
2025-07-01 00:40:00,STA-004,Norte,18.139102973225302,80.21508944794827,1016.4638526131508
2025-07-01 00:40:00,STA-008,Sul,21.709448173838005,80.44262064230064,1016.7683989977131
2025-07-01 00:40:00,STA-003,Sul,18.592880033258457,75.26202794886167,1014.6446947011449
2025-07-01 00:40:00,STA-005,Centro-Oeste,19.832001966881023,75.43238958634883,1017.2807416717785
2025-07-01 00:40:00,STA-001,Sudeste,17.352064237264237,77.961898875256,1016.9448071869973
2025-07-01 00:40:00,STA-010,Centro-Oeste,22.117431931813044,74.65706108082243,1017.0519795628925
2025-07-01 00:40:00,STA-009,Norte,22.101593181768667,77.09019471066492,1015.8326917979763
2025-07-01 00:41:00,STA-007,Nordeste,19.9220023777265,77.4162197742131,1015.0977694798128
2025-07-01 00:41:00,STA-012,Nordeste,23.581118965754637,78.97118131129506,1015.9805944856997
2025-07-01 00:41:00,STA-003,Sul,18.427049608736937,79.79984831633445,1015.0003323147664
2025-07-01 00:41:00,STA-001,Sudeste,18.001966229025147,76.06962784029531,1016.2153777659263
2025-07-01 00:41:00,STA-009,Norte,20.802081054830133,77.86850663908872,1016.5308402585612
2025-07-01 00:41:00,STA-006,Sudeste,19.517389414538343,78.09444843742811,1016.3236421650693
2025-07-01 00:41:00,STA-010,Centro-Oeste,21.1894792732408,77.02840313657767,1016.5048304692602
2025-07-01 00:41:00,STA-004,Norte,19.577141496820627,78.33591402725125,1016.9010627920766
2025-07-01 00:41:00,STA-002,Nordeste,18.166812199232396,78.70136902388217,1018.0465917939204
2025-07-01 00:41:00,STA-011,Sudeste,22.381250967549164,79.90674488202274,1017.9613053774792
2025-07-01 00:41:00,STA-008,Sul,21.203123389616927,77.13991776547154,1016.7521114011523
2025-07-01 00:41:00,STA-005,Centro-Oeste,19.486030410056863,80.24053088927538,1017.3407584410226
2025-07-01 00:42:00,STA-011,Sudeste,23.0618802607995,81.81917162831279,1014.0938276245215
2025-07-01 00:42:00,STA-004,Norte,18.0820559498179,82.04597312250417,1016.099008467619
2025-07-01 00:42:00,STA-008,Sul,20.530933847290203,81.0262761239116,1016.6945310029488
2025-07-01 00:42:00,STA-012,Nordeste,22.681616234047826,77.5400808480556,1016.2971163694796
2025-07-01 00:42:00,STA-007,Nordeste,20.655435181683437,78.06421801668151,1016.5414990295203
2025-07-01 00:42:00,STA-003,Sul,17.78758537209611,80.22502570988927,1015.5069864315586
2025-07-01 00:42:00,STA-001,Sudeste,17.537822982713582,78.61457236397695,1016.6221596930184
2025-07-01 00:42:00,STA-006,Sudeste,20.286516703559467,82.16680944124768,1014.7504188545581
2025-07-01 00:42:00,STA-010,Centro-Oeste,-3.803885090026533,79.62129974821083,1016.0337772153619
2025-07-01 00:42:00,STA-002,Nordeste,18.38249353738211,76.61141225059407,1016.5905866998564
2025-07-01 00:42:00,STA-009,Norte,21.30111447891884,79.17601082228525,1015.4287885100343
2025-07-01 00:42:00,STA-005,Centro-Oeste,19.122155997239723,78.90117161701355,1014.765656049657
2025-07-01 00:43:00,STA-001,Sudeste,16.705925331730636,82.22653515724261,1016.1102822035381
2025-07-01 00:43:00,STA-009,Norte,20.88578749995873,79.35060006665518,1015.7487295762998
2025-07-01 00:43:00,STA-002,Nordeste,16.283461195029464,78.56040791654983,1015.2687523151371
2025-07-01 00:43:00,STA-008,Sul,20.62737155783966,77.71262534282985,1016.1739360755373
2025-07-01 00:43:00,STA-006,Sudeste,19.605427909307192,78.35611051580474,1015.1611621015613
2025-07-01 00:43:00,STA-007,Nordeste,20.1127086901305,79.30513723979473,1016.624124200855
2025-07-01 00:43:00,STA-003,Sul,17.92769676154586,82.30573173940108,1016.7831629467213
2025-07-01 00:43:00,STA-004,Norte,19.000790821053066,80.03592803638867,1015.60826935161
2025-07-01 00:43:00,STA-011,Sudeste,22.851043323707373,80.85774471759002,1014.8822772899364
2025-07-01 00:43:00,STA-012,Nordeste,23.762923054498113,78.62587651876878,1016.4745990125224
2025-07-01 00:43:00,STA-005,Centro-Oeste,18.773247550028476,78.44944567143847,1015.1237595918994
2025-07-01 00:43:00,STA-010,Centro-Oeste,21.22238689800457,81.25992014282308,1015.4003788090381
2025-07-01 00:44:00,STA-012,Nordeste,22.786933436550214,80.33854175480185,1016.327369794231
2025-07-01 00:44:00,STA-005,Centro-Oeste,17.94024099870038,79.1436872672143,1016.5750915948638
2025-07-01 00:44:00,STA-011,Sudeste,21.33736473396459,80.46108376529656,1013.8706808923026
2025-07-01 00:44:00,STA-001,Sudeste,17.402670133082495,78.19907304285003,1015.7947111642708
2025-07-01 00:44:00,STA-002,Nordeste,17.07258520689327,81.86451373692482,1013.8755707004133
2025-07-01 00:44:00,STA-007,Nordeste,20.478868144002035,79.06399123169228,1015.8919277135144
2025-07-01 00:44:00,STA-009,Norte,21.740312135664116,81.5924729813555,1015.9041810581705
2025-07-01 00:44:00,STA-004,Norte,18.679577519204294,80.14184413923914,1014.9277148974296
2025-07-01 00:44:00,STA-010,Centro-Oeste,22.497199943126873,82.24975343566904,1014.6383564301403
2025-07-01 00:44:00,STA-003,Sul,17.800837670640803,80.50153746873038,1014.3871525582862
2025-07-01 00:44:00,STA-008,Sul,20.617063396912137,82.54354904110927,1015.9268075091327
2025-07-01 00:44:00,STA-006,Sudeste,19.50620516694428,77.53416195955546,1015.4455925670742
2025-07-01 00:45:00,STA-006,Sudeste,19.64505087137624,83.30680221330766,1017.0632983478812
2025-07-01 00:45:00,STA-001,Sudeste,16.817802889526277,80.59989023877213,1015.9610610353958
2025-07-01 00:45:00,STA-003,Sul,18.026466637161327,80.49976515758603,1014.4147116359044
2025-07-01 00:45:00,STA-005,Centro-Oeste,18.29264771226812,84.7012360318456,1013.2295500275653
2025-07-01 00:45:00,STA-002,Nordeste,17.513585077972575,79.00024737168768,1015.7365465186099
2025-07-01 00:45:00,STA-008,Sul,19.86687960987003,79.48287973320502,1015.8645393370251
2025-07-01 00:45:00,STA-011,Sudeste,21.1750575760626,80.41050209479177,1015.4154910649262
2025-07-01 00:45:00,STA-010,Centro-Oeste,20.688092380560462,82.38710879575649,1013.9346586567708
2025-07-01 00:45:00,STA-004,Norte,18.008232025255055,78.26660701290159,1015.9692293340846
2025-07-01 00:45:00,STA-009,Norte,21.57091198380562,81.48293795830374,1015.1109115814061
2025-07-01 00:45:00,STA-012,Nordeste,21.61281119472378,77.07412178407004,1016.5309982209554
2025-07-01 00:45:00,STA-007,Nordeste,19.633761274524403,75.33275898937012,1016.0922814523235
2025-07-01 00:46:00,STA-011,Sudeste,21.59813114933963,82.21081182171544,1005.3280549436926
2025-07-01 00:46:00,STA-001,Sudeste,17.508023910877533,80.12033648229017,1013.55882317316
2025-07-01 00:46:00,STA-012,Nordeste,22.170584390015748,77.60260915445309,1015.3137460566
2025-07-01 00:46:00,STA-003,Sul,18.067768230256625,78.6862270404428,1015.1132123296861
2025-07-01 00:46:00,STA-006,Sudeste,18.863535891899264,79.63557750431038,1015.0936506448738
2025-07-01 00:46:00,STA-005,Centro-Oeste,18.92547747050833,82.68140207166485,1015.2675109214223
2025-07-01 00:46:00,STA-002,Nordeste,17.9086556094728,80.20153759374148,1014.7285066749063
2025-07-01 00:46:00,STA-008,Sul,21.171691274574695,83.53644908330828,1014.3251347505973
2025-07-01 00:46:00,STA-010,Centro-Oeste,21.87024267340627,76.83325769323265,1014.3509477031641
2025-07-01 00:46:00,STA-009,Norte,20.980819799705372,78.74614223533187,1013.7273670842862
2025-07-01 00:46:00,STA-007,Nordeste,19.678504872663254,-12.866645213869646,1014.3151281028829
2025-07-01 00:46:00,STA-004,Norte,19.009977169531115,78.51165750922321,1015.91886260839
2025-07-01 00:47:00,STA-011,Sudeste,21.879371935042332,78.33185604977903,1016.3457233618025
2025-07-01 00:47:00,STA-010,Centro-Oeste,21.768926022875554,81.68328228974526,1016.4343488691037
2025-07-01 00:47:00,STA-012,Nordeste,22.61781711130944,76.76423510157326,1013.86678116778
2025-07-01 00:47:00,STA-008,Sul,20.011011542812593,76.21156608760741,1015.5558105496257
2025-07-01 00:47:00,STA-001,Sudeste,17.18215146598947,80.22219486794066,1014.2956106190953
2025-07-01 00:47:00,STA-005,Centro-Oeste,18.458096021565094,80.26753757128085,1013.7279646684749
2025-07-01 00:47:00,STA-003,Sul,18.642661366703305,78.26611176431153,1015.8772910759211
2025-07-01 00:47:00,STA-006,Sudeste,19.538739669043544,78.91186946878648,1014.0064970623922
2025-07-01 00:47:00,STA-007,Nordeste,20.480545508336505,77.93784891873399,1014.5255916494667
2025-07-01 00:47:00,STA-002,Nordeste,17.240784706120333,81.52028610196543,1012.8925276852136
2025-07-01 00:47:00,STA-009,Norte,21.631287272368148,79.69403933893025,1014.9943961299246
2025-07-01 00:47:00,STA-004,Norte,18.646980740663412,80.14080029302949,1017.5683355819923
2025-07-01 00:48:00,STA-003,Sul,18.29925283589904,78.91228605109195,1015.6227438822737
2025-07-01 00:48:00,STA-008,Sul,21.960733290782972,76.86951649510254,1015.5619803536408
2025-07-01 00:48:00,STA-007,Nordeste,20.327176433616618,80.00186364774075,1014.6811329555868
2025-07-01 00:48:00,STA-012,Nordeste,23.20453530200272,80.83629091061049,1015.6699733637396
2025-07-01 00:48:00,STA-006,Sudeste,20.201571704448803,79.0664280542966,1013.7583346921491
2025-07-01 00:48:00,STA-011,Sudeste,21.921650829487167,81.24425174452978,1014.4924994805395
2025-07-01 00:48:00,STA-004,Norte,18.313609537894646,80.11188412304142,1015.0082580360856
2025-07-01 00:48:00,STA-010,Centro-Oeste,21.98864143864153,78.5450282785055,1014.4296670752929
2025-07-01 00:48:00,STA-005,Centro-Oeste,19.813812629781122,77.13414838212833,1014.0241956335119
2025-07-01 00:48:00,STA-002,Nordeste,17.53645229067959,78.72276086435599,1015.4459995156686
2025-07-01 00:48:00,STA-001,Sudeste,17.565990692355147,81.57706362392776,1013.87706784693
2025-07-01 00:48:00,STA-009,Norte,21.61894317795132,77.3420795510218,1015.242392674296
2025-07-01 00:49:00,STA-009,Norte,21.223084210105743,76.89802348523735,1013.9638851522298
2025-07-01 00:49:00,STA-008,Sul,21.251376996540678,75.64347783640785,1015.1235683441913
2025-07-01 00:49:00,STA-007,Nordeste,20.838813245658645,75.64905937453202,1014.9280613071753
2025-07-01 00:49:00,STA-012,Nordeste,23.852458319736645,75.18155326094038,1014.8856387538852
2025-07-01 00:49:00,STA-003,Sul,18.748448792356637,77.91524602772508,1015.9259651833794
2025-07-01 00:49:00,STA-006,Sudeste,20.253949628817956,75.413434966882,1014.8862227006191
2025-07-01 00:49:00,STA-005,Centro-Oeste,19.9364226202832,76.8277374280975,1015.3463498215954
2025-07-01 00:49:00,STA-001,Sudeste,17.68507841319868,77.67425828975142,1015.7974992619039
2025-07-01 00:49:00,STA-004,Norte,18.836655694202804,79.6762203033714,1013.0936425237127
2025-07-01 00:49:00,STA-010,Centro-Oeste,22.953590680645085,76.83855330803831,1017.3790803027837
2025-07-01 00:49:00,STA-002,Nordeste,18.96806435618594,78.52816347843577,1015.2942479576305
2025-07-01 00:49:00,STA-011,Sudeste,22.820053071172914,79.83832825378667,1014.321852466882
2025-07-01 00:50:00,STA-004,Norte,20.54024274985529,76.92682666497483,1013.9838158873536
2025-07-01 00:50:00,STA-003,Sul,19.55376587829386,80.14364049993854,1013.37161423118
2025-07-01 00:50:00,STA-007,Nordeste,21.046491991931696,77.22684651793581,1013.2876634703333
2025-07-01 00:50:00,STA-002,Nordeste,18.966058762242916,76.1212659158059,1014.3227805110869
2025-07-01 00:50:00,STA-008,Sul,22.084645604867895,73.46695732805269,1013.7595575471496
2025-07-01 00:50:00,STA-001,Sudeste,18.597215698745398,78.67026469680667,1013.7763716301482
2025-07-01 00:50:00,STA-011,Sudeste,22.71858290500597,76.55951154056292,1012.5778280890231
2025-07-01 00:50:00,STA-010,Centro-Oeste,22.86066660989172,78.0465928902204,1013.977928185327
2025-07-01 00:50:00,STA-012,Nordeste,23.120334267731963,78.64687481544794,1014.5968779913428
2025-07-01 00:50:00,STA-005,Centro-Oeste,20.068840340105567,74.82863547354594,1016.7164847581056
2025-07-01 00:50:00,STA-006,Sudeste,20.47271222244686,79.90403213870161,1014.8065454834617
2025-07-01 00:50:00,STA-009,Norte,21.74608785636125,76.30870286947817,1016.4303805066198
2025-07-01 00:51:00,STA-001,Sudeste,18.614390884970838,77.16200040587931,1014.2495851823013
2025-07-01 00:51:00,STA-006,Sudeste,20.933219591585296,71.32342574815503,1014.3020058087794
2025-07-01 00:51:00,STA-004,Norte,20.8906445302886,76.20056506344874,1013.1818822440719
2025-07-01 00:51:00,STA-011,Sudeste,24.626898065774473,77.14236436232368,1014.8099230273185
2025-07-01 00:51:00,STA-007,Nordeste,22.885786083861994,73.61210791166485,1014.723782348976
2025-07-01 00:51:00,STA-005,Centro-Oeste,21.37143377148286,76.12030065860833,1014.5432205423704
2025-07-01 00:51:00,STA-008,Sul,23.21722745517553,76.40832842468909,1013.7294303387075
2025-07-01 00:51:00,STA-010,Centro-Oeste,24.106180999799413,74.85404399053968,1014.1160088497817
2025-07-01 00:51:00,STA-002,Nordeste,19.59926833556745,76.01329824964505,1012.634729668476
2025-07-01 00:51:00,STA-003,Sul,20.443913551167157,74.02756225706749,1013.4819695535192
2025-07-01 00:51:00,STA-012,Nordeste,24.80398938139835,77.26127048323741,1011.8216190915679
2025-07-01 00:51:00,STA-009,Norte,22.678128349772386,74.34038335808485,1012.5860744644625
2025-07-01 00:52:00,STA-008,Sul,22.10531617627705,73.63015333283853,1014.2338255792242
2025-07-01 00:52:00,STA-005,Centro-Oeste,22.347659318826167,71.4825652647454,1013.7739598642022
2025-07-01 00:52:00,STA-010,Centro-Oeste,23.713119848146214,73.97803817510554,1012.3733521853413
2025-07-01 00:52:00,STA-002,Nordeste,20.605537513825254,70.99997037962599,1015.107229672368
2025-07-01 00:52:00,STA-011,Sudeste,24.17618706186459,74.72590969276965,1014.3123500806498
2025-07-01 00:52:00,STA-007,Nordeste,22.14099901501291,73.03691359133111,1010.9853829029801
2025-07-01 00:52:00,STA-001,Sudeste,19.963328117087027,77.24284651054926,1013.4913430679194
2025-07-01 00:52:00,STA-012,Nordeste,24.66675787711958,72.3886483435704,1013.5456329544846
2025-07-01 00:52:00,STA-006,Sudeste,22.590428447699846,72.64793701753472,1015.497936579416
2025-07-01 00:52:00,STA-009,Norte,23.29458134372152,72.91762825821289,1013.3826074062589
2025-07-01 00:52:00,STA-004,Norte,20.038815434438664,73.32894738600304,1011.2945581130834
2025-07-01 00:52:00,STA-003,Sul,20.29905258627654,77.459578131388,1013.1765629159453
2025-07-01 00:53:00,STA-002,Nordeste,20.02292870038155,76.52732674355038,1014.6492121027393
2025-07-01 00:53:00,STA-004,Norte,22.641686859008416,73.67430225889609,1014.5594744440535
2025-07-01 00:53:00,STA-003,Sul,21.75647063489757,73.31645512653711,1013.1810428275743
2025-07-01 00:53:00,STA-011,Sudeste,25.403430221307424,72.92335491394775,1014.6139897530619
2025-07-01 00:53:00,STA-001,Sudeste,19.273815148520885,70.68095136014932,1013.1540943728862
2025-07-01 00:53:00,STA-006,Sudeste,23.60637734377523,69.96542547558875,1013.6653179473009
2025-07-01 00:53:00,STA-005,Centro-Oeste,21.691071048750832,72.0170140840963,1013.5994970279885
2025-07-01 00:53:00,STA-007,Nordeste,23.005022604618873,71.47179521977947,1014.5653960885013
2025-07-01 00:53:00,STA-010,Centro-Oeste,24.744044689535016,71.6806657063182,1012.0485086412224
2025-07-01 00:53:00,STA-009,Norte,24.063435886267072,73.62766934110502,1013.8386506200826
2025-07-01 00:53:00,STA-008,Sul,23.92278273893786,68.50420709131886,1012.4578675049247
2025-07-01 00:53:00,STA-012,Nordeste,26.33583429659164,72.14353293549158,1014.6457615906157
2025-07-01 00:54:00,STA-012,Nordeste,25.8919285015074,72.79202782807336,1013.2315309516728
2025-07-01 00:54:00,STA-003,Sul,-4.363561741978369,69.93049907405859,1014.2619908745299
2025-07-01 00:54:00,STA-002,Nordeste,21.396759715617296,69.46842224893724,1014.3946954197148
2025-07-01 00:54:00,STA-007,Nordeste,23.372107812815074,69.37986188512889,1013.4301497003788
2025-07-01 00:54:00,STA-010,Centro-Oeste,25.0368282768133,70.39969468650938,1014.2833228176753
2025-07-01 00:54:00,STA-008,Sul,23.907847647903502,67.41197517060606,1011.5883893656365
2025-07-01 00:54:00,STA-006,Sudeste,22.80736462588595,66.47349960125754,1013.70927941834
2025-07-01 00:54:00,STA-009,Norte,24.485969901996466,69.01304244652057,1012.128800342925
2025-07-01 00:54:00,STA-001,Sudeste,20.551930130177073,69.70020400168012,1011.5201092337578
2025-07-01 00:54:00,STA-005,Centro-Oeste,22.94226725893982,64.83843202840772,1015.0006166189637
2025-07-01 00:54:00,STA-004,Norte,22.23071278389811,67.95150121222723,1012.6485441445437
2025-07-01 00:54:00,STA-011,Sudeste,25.79809867869248,70.89506981004854,1012.6762118126195
2025-07-01 00:55:00,STA-011,Sudeste,26.66868665975976,70.2925493670159,1014.7719762042403
2025-07-01 00:55:00,STA-007,Nordeste,23.99226849853701,69.13452554881452,1012.6165342226387
2025-07-01 00:55:00,STA-009,Norte,26.469831339131417,68.19296270141068,1013.8836695958145
2025-07-01 00:55:00,STA-003,Sul,23.108320256837835,69.46044393993378,1013.2915051862509
2025-07-01 00:55:00,STA-002,Nordeste,21.15431071583886,67.04690576536859,1014.309544739541
2025-07-01 00:55:00,STA-010,Centro-Oeste,26.238177648160825,67.8671499374919,1014.3190627486241
2025-07-01 00:55:00,STA-012,Nordeste,26.819616917444858,64.45885309608006,1012.824165245024
2025-07-01 00:55:00,STA-004,Norte,23.03505184528629,72.76715670624124,1013.5708182845318
2025-07-01 00:55:00,STA-001,Sudeste,22.213658266294605,67.7090607007221,1014.06462969195
2025-07-01 00:55:00,STA-006,Sudeste,23.787284858846007,69.93145966886122,1013.250759828602
2025-07-01 00:55:00,STA-008,Sul,25.194972317331747,67.24365762394086,1011.2884319802413
2025-07-01 00:55:00,STA-005,Centro-Oeste,24.290466498294855,69.28608448309517,1013.327838615514
2025-07-01 00:56:00,STA-012,Nordeste,28.672048038774946,62.82596261265311,1013.8962661630407
2025-07-01 00:56:00,STA-008,Sul,25.930767697390717,65.9176506808636,1012.1166868490734
2025-07-01 00:56:00,STA-001,Sudeste,23.36742319206912,68.59698489684243,1012.863445082293
2025-07-01 00:56:00,STA-009,Norte,26.048931362917948,69.7706002699796,1012.0340632873671
2025-07-01 00:56:00,STA-002,Nordeste,23.761115673620417,64.828080747908,1012.4331823496977
2025-07-01 00:56:00,STA-010,Centro-Oeste,27.43305761851626,65.06781863315649,1013.357466609938
2025-07-01 00:56:00,STA-007,Nordeste,25.091673682016523,64.45771363749645,1012.6767874462222
2025-07-01 00:56:00,STA-005,Centro-Oeste,24.464610741688972,68.48281074658583,1013.0618073245104
2025-07-01 00:56:00,STA-003,Sul,23.716995612283192,66.2097336372938,1012.3040358870658
2025-07-01 00:56:00,STA-006,Sudeste,24.660739414198932,64.08597904322802,1011.3630186514644
2025-07-01 00:56:00,STA-004,Norte,23.777005640469394,70.38207490541845,1013.3348737032486
2025-07-01 00:56:00,STA-011,Sudeste,26.93689257026863,62.69097954133838,1011.3060977885029
2025-07-01 00:57:00,STA-001,Sudeste,23.529218257629,64.07453887467861,1012.0790316931393
2025-07-01 00:57:00,STA-008,Sul,26.882255407567875,64.61755512530571,1011.1509128249357
2025-07-01 00:57:00,STA-010,Centro-Oeste,27.38893167344425,67.96346663504757,1012.5763079570992
2025-07-01 00:57:00,STA-011,Sudeste,28.3098930947991,67.5378776057452,1013.0575421077849
2025-07-01 00:57:00,STA-006,Sudeste,25.99039952014933,66.2128751239097,1011.8341628931904
2025-07-01 00:57:00,STA-012,Nordeste,28.21843245564951,62.304676999481885,1012.2834840460218
2025-07-01 00:57:00,STA-003,Sul,24.56185594718422,59.57508391856471,1012.6001191939956
2025-07-01 00:57:00,STA-007,Nordeste,26.34730051654299,65.58307883820127,1011.3444178063755
2025-07-01 00:57:00,STA-002,Nordeste,24.242797474357214,67.14396979287883,1013.7234604319473
2025-07-01 00:57:00,STA-009,Norte,28.39338175154588,60.82828435939669,1011.9599255569697
2025-07-01 00:57:00,STA-004,Norte,24.484946139455,67.32453666868066,1012.7614501677233
2025-07-01 00:57:00,STA-005,Centro-Oeste,25.431911430302044,65.5459530282307,1012.579448671547
2025-07-01 00:58:00,STA-008,Sul,28.09461446831736,59.44262532527864,1011.0135275852302
2025-07-01 00:58:00,STA-004,Norte,25.126924586255534,56.0828155919435,1012.3140506082796
2025-07-01 00:58:00,STA-010,Centro-Oeste,28.273237374559546,62.323491886717406,1011.6776425550484
2025-07-01 00:58:00,STA-001,Sudeste,24.490266418442012,60.844536604181606,1013.6027794057305
2025-07-01 00:58:00,STA-011,Sudeste,28.960561325277567,64.47744657904678,1013.2021015185676
2025-07-01 00:58:00,STA-006,Sudeste,26.988126401085523,61.63838352339251,1012.1245046272365
2025-07-01 00:58:00,STA-012,Nordeste,30.248867311038097,64.55653582636165,1012.3228947611675
2025-07-01 00:58:00,STA-003,Sul,25.824652069158056,64.0109639665093,1012.048618177038
2025-07-01 00:58:00,STA-002,Nordeste,23.5812566355892,134.18535607359354,1011.9941830550786
2025-07-01 00:58:00,STA-007,Nordeste,27.185015838430644,63.927479019123865,1011.0843367023917
2025-07-01 00:58:00,STA-005,Centro-Oeste,25.6943286561375,62.599136328612026,1012.5380398646074
2025-07-01 00:58:00,STA-009,Norte,27.851950589663996,64.45792366427936,1011.9099921592717
2025-07-01 00:59:00,STA-006,Sudeste,27.153764917739363,59.6763498476248,1011.8165695428515
2025-07-01 00:59:00,STA-010,Centro-Oeste,29.40580274653884,60.60190486690803,1010.7121598982409
2025-07-01 00:59:00,STA-009,Norte,28.619351611018793,60.9850424902903,1012.9688288803605
2025-07-01 00:59:00,STA-008,Sul,28.158528444488645,60.560948696471606,1014.1101300223891
2025-07-01 00:59:00,STA-007,Nordeste,26.826125538821916,59.93251004293477,1012.2465192504011
2025-07-01 00:59:00,STA-005,Centro-Oeste,27.350959862966395,59.346990525279416,1010.8121586311626
2025-07-01 00:59:00,STA-004,Norte,26.283102404000214,60.07496380140987,1011.9108200458696
2025-07-01 00:59:00,STA-003,Sul,26.14271257408381,62.565355091271286,1012.2669765018609
2025-07-01 00:59:00,STA-002,Nordeste,25.3884961428453,62.92187396038266,1013.4904191010625
2025-07-01 00:59:00,STA-001,Sudeste,24.430527812795816,63.254430956304006,1012.3998725958386
2025-07-01 00:59:00,STA-011,Sudeste,29.68198073171118,64.39484414902739,1011.4507757562885
2025-07-01 00:59:00,STA-012,Nordeste,30.65658251429225,57.32498036785016,1011.7254348311085
